row_id,account_id,account_email,week_of,watch_hours,titles,generated_at
pb_lr2rGICCyktqhW,cus_LGlI7Zjsrrz6y8,ivan.cohen90011@example.com,2026-02-02,3.4,4,2026-02-09T06:00:00Z
pb_zBMmiX9GNikMKy,cus_2wqjbJ1vbQHvAz,alex.muller90013@example.com,2026-02-02,1.8,2,2026-02-09T06:00:00Z
pb_FGdKapedvJxFFO,cus_LGlI7Zjsrrz6y8,ivan.cohen90011@example.com,2026-02-09,2.1,3,2026-02-16T06:00:00Z
pb_VasOzfAwGM4kwm,cus_zJYY7juW7If6J7,hana.silva90002@example.com,2026-02-09,3.0,4,2026-02-16T06:00:00Z
pb_kSyZkjO4sTZR5u,cus_2wqjbJ1vbQHvAz,alex.muller90013@example.com,2026-02-09,2.7,4,2026-02-16T06:00:00Z
pb_74F5BOaEh3BWYD,cus_zJYY7juW7If6J7,hana.silva90002@example.com,2026-02-16,2.6,3,2026-02-23T06:00:00Z
pb_7Qy9pefxpbmAEg,cus_LGlI7Zjsrrz6y8,ivan.cohen90011@example.com,2026-02-16,2.8,4,2026-02-23T06:00:00Z
pb_9JuLD9f8uIu0G2,cus_4nFrYdHZqf86yy,theo.tanaka90009@example.com,2026-02-16,2.6,3,2026-02-23T06:00:00Z
pb_uPHpCbEqiwNVKo,cus_2wqjbJ1vbQHvAz,alex.muller90013@example.com,2026-02-16,1.6,2,2026-02-23T06:00:00Z
pb_H1JoJJPF4kVRhy,cus_zJYY7juW7If6J7,hana.silva90002@example.com,2026-02-23,2.3,3,2026-03-02T06:00:00Z
pb_VmYz0SVLCV5z7A,cus_9n18PfQUA04Xk7,elena.chen90006@example.com,2026-02-23,7.8,10,2026-03-02T06:00:00Z
pb_hhCuITb6arDJbT,cus_LGlI7Zjsrrz6y8,ivan.cohen90011@example.com,2026-02-23,3.8,5,2026-03-02T06:00:00Z
pb_uOpTcsbdWIwf17,cus_2wqjbJ1vbQHvAz,alex.muller90013@example.com,2026-02-23,1.9,2,2026-03-02T06:00:00Z
pb_xMniI7eEaiYMGd,cus_4nFrYdHZqf86yy,theo.tanaka90009@example.com,2026-02-23,3.2,4,2026-03-02T06:00:00Z
pb_5j77v1biKLAs4G,cus_pi0irbbUG0J28o,elena.ibrahim90005@example.com,2026-03-02,6.4,8,2026-03-09T06:00:00Z
pb_EpKg0bzcaVsN5j,cus_RAABjOWy0b0SC5,taylor.kim90004@example.com,2026-03-02,5.7,7,2026-03-09T06:00:00Z
pb_KRxIw1346nn3t0,cus_LGlI7Zjsrrz6y8,ivan.cohen90011@example.com,2026-03-02,1.7,2,2026-03-09T06:00:00Z
pb_RTRwyMD7WDG1bn,cus_4nFrYdHZqf86yy,theo.tanaka90009@example.com,2026-03-02,3.8,5,2026-03-09T06:00:00Z
pb_UkJSuiKxeOGMO7,cus_9n18PfQUA04Xk7,elena.chen90006@example.com,2026-03-02,7.2,9,2026-03-09T06:00:00Z
pb_gdMnFvjI5D14IK,cus_2wqjbJ1vbQHvAz,alex.muller90013@example.com,2026-03-02,2.9,4,2026-03-09T06:00:00Z
pb_iWO7e9L7wDdCHs,cus_hGm5Jn8azMhBhr,mei.haddad90015@example.com,2026-03-02,3.5,5,2026-03-09T06:00:00Z
pb_mhIIve3acNJlC3,cus_zJYY7juW7If6J7,hana.silva90002@example.com,2026-03-02,4.6,6,2026-03-09T06:00:00Z
pb_roed5XkXvSVlok,cus_XEvEzMNBztF1qt,ravi.larsen90003@example.com,2026-03-02,7.4,10,2026-03-09T06:00:00Z
pb_8fMeHt3IV0SXFQ,cus_pi0irbbUG0J28o,elena.ibrahim90005@example.com,2026-03-09,7.0,9,2026-03-16T06:00:00Z
pb_PjHGpd6Z8WLceE,cus_hGm5Jn8azMhBhr,mei.haddad90015@example.com,2026-03-09,2.5,3,2026-03-16T06:00:00Z
pb_RFCEgUMsy4QnDb,cus_RAABjOWy0b0SC5,taylor.kim90004@example.com,2026-03-09,7.1,9,2026-03-16T06:00:00Z
pb_RjfTEYcmliJ69o,cus_2wqjbJ1vbQHvAz,alex.muller90013@example.com,2026-03-09,3.3,4,2026-03-16T06:00:00Z
pb_WQCp2ZDpvju4mF,cus_9n18PfQUA04Xk7,elena.chen90006@example.com,2026-03-09,8.1,11,2026-03-16T06:00:00Z
pb_X2DbBqCn6chj9h,cus_zJYY7juW7If6J7,hana.silva90002@example.com,2026-03-09,3.5,5,2026-03-16T06:00:00Z
pb_YzTZv7hSabZthi,cus_LGlI7Zjsrrz6y8,ivan.cohen90011@example.com,2026-03-09,3.4,4,2026-03-16T06:00:00Z
pb_eoofaLjw7GsuW4,cus_XEvEzMNBztF1qt,ravi.larsen90003@example.com,2026-03-09,7.1,9,2026-03-16T06:00:00Z
pb_lKnisskAPxCnjf,cus_4nFrYdHZqf86yy,theo.tanaka90009@example.com,2026-03-09,2.5,3,2026-03-16T06:00:00Z
pb_ppc4bIK3daiOzG,cus_myk2JQimXIJIzP,taylor.garcia90001@example.com,2026-03-09,4.4,6,2026-03-16T06:00:00Z
pb_sGg64YhUNquTiu,cus_sh6zzUDrb0vTNa,casey.costa90007@example.com,2026-03-09,2.2,3,2026-03-16T06:00:00Z
pb_3yodDIZZSL91uw,cus_IQDNdNQmsttutl,taylor.chen90010@example.com,2026-03-16,3.2,4,2026-03-23T06:00:00Z
pb_ABBQMhTk06AAjm,cus_4nFrYdHZqf86yy,theo.tanaka90009@example.com,2026-03-16,3.1,4,2026-03-23T06:00:00Z
pb_BFw4DwuAvzrqRq,cus_zJYY7juW7If6J7,hana.silva90002@example.com,2026-03-16,2.4,3,2026-03-23T06:00:00Z
pb_CHrBnvkTlZzoEW,cus_RAABjOWy0b0SC5,taylor.kim90004@example.com,2026-03-16,6.3,8,2026-03-23T06:00:00Z
pb_ReVbyySlhcThOR,cus_myk2JQimXIJIzP,taylor.garcia90001@example.com,2026-03-16,2.4,3,2026-03-23T06:00:00Z
pb_UFPyt8nB7O9jYq,cus_HOvy1Udxruvqgl,hana.silva90016@example.com,2026-03-16,2.2,3,2026-03-23T06:00:00Z
pb_Ug2GB4OtGSoYRM,cus_sh6zzUDrb0vTNa,casey.costa90007@example.com,2026-03-16,3.5,5,2026-03-23T06:00:00Z
pb_XVlj0L4zYCb4Uy,cus_9n18PfQUA04Xk7,elena.chen90006@example.com,2026-03-16,6.1,8,2026-03-23T06:00:00Z
pb_ZQnDgu9nVieCkr,cus_9fS2OW4orKGgdt,lucas.costa90012@example.com,2026-03-16,2.5,3,2026-03-23T06:00:00Z
pb_aZ3AVj79pX3b4U,cus_XEvEzMNBztF1qt,ravi.larsen90003@example.com,2026-03-16,6.9,9,2026-03-23T06:00:00Z
pb_dOfw3lpsnKJqd4,cus_pi0irbbUG0J28o,elena.ibrahim90005@example.com,2026-03-16,6.1,8,2026-03-23T06:00:00Z
pb_ebZsaJe5ZikYLR,cus_ji0HiMzb4i3udZ,quinn.larsen90008@example.com,2026-03-16,4.9,6,2026-03-23T06:00:00Z
pb_wojOueAKDMAZz5,cus_hGm5Jn8azMhBhr,mei.haddad90015@example.com,2026-03-16,3.4,4,2026-03-23T06:00:00Z
pb_EhrucFlvVZjhxY,cus_XEvEzMNBztF1qt,ravi.larsen90003@example.com,2026-03-23,6.6,9,2026-03-30T06:00:00Z
pb_N5nHXITAMxg806,cus_hGm5Jn8azMhBhr,mei.haddad90015@example.com,2026-03-23,3.3,4,2026-03-30T06:00:00Z
pb_NoPZydiAFJGP9w,cus_HOvy1Udxruvqgl,hana.silva90016@example.com,2026-03-23,4.5,6,2026-03-30T06:00:00Z
pb_Q4cOFDxA6iyXpN,cus_ji0HiMzb4i3udZ,quinn.larsen90008@example.com,2026-03-23,3.6,5,2026-03-30T06:00:00Z
pb_StUlhaz8uNziqS,cus_9fS2OW4orKGgdt,lucas.costa90012@example.com,2026-03-23,2.9,4,2026-03-30T06:00:00Z
pb_aqX3jCjFeUSDfT,cus_RAABjOWy0b0SC5,taylor.kim90004@example.com,2026-03-23,5.2,7,2026-03-30T06:00:00Z
pb_fAMSpTt2CqUUeg,cus_sh6zzUDrb0vTNa,casey.costa90007@example.com,2026-03-23,1.4,2,2026-03-30T06:00:00Z
pb_gKWE2b0Z3Kvs4I,cus_9n18PfQUA04Xk7,elena.chen90006@example.com,2026-03-23,8.3,11,2026-03-30T06:00:00Z
pb_gQ4dd2xITY9LH3,cus_myk2JQimXIJIzP,taylor.garcia90001@example.com,2026-03-23,4.0,5,2026-03-30T06:00:00Z
pb_i3EnFE3Aub6EXF,cus_IQDNdNQmsttutl,taylor.chen90010@example.com,2026-03-23,4.6,6,2026-03-30T06:00:00Z
pb_lz1YYpOHLQ58TH,cus_pi0irbbUG0J28o,elena.ibrahim90005@example.com,2026-03-23,5.6,7,2026-03-30T06:00:00Z
pb_tx8qE0jq6IWU9O,cus_4nFrYdHZqf86yy,theo.tanaka90009@example.com,2026-03-23,3.6,5,2026-03-30T06:00:00Z
pb_0j5boG8vIT2OJF,cus_RAABjOWy0b0SC5,taylor.kim90004@example.com,2026-03-30,6.1,8,2026-04-06T06:00:00Z
pb_JBaj2TDn6TwUNB,cus_ji0HiMzb4i3udZ,quinn.larsen90008@example.com,2026-03-30,3.9,5,2026-04-06T06:00:00Z
pb_LbbxbERMAIaqvg,cus_9fS2OW4orKGgdt,lucas.costa90012@example.com,2026-03-30,4.3,6,2026-04-06T06:00:00Z
pb_YJDkKY2qwej3wF,cus_myk2JQimXIJIzP,taylor.garcia90001@example.com,2026-03-30,5.2,7,2026-04-06T06:00:00Z
pb_aPaF3yqXBbpM98,cus_HOvy1Udxruvqgl,hana.silva90016@example.com,2026-03-30,4.5,6,2026-04-06T06:00:00Z
pb_aslkVZ50WgujoL,cus_9n18PfQUA04Xk7,elena.chen90006@example.com,2026-03-30,6.0,8,2026-04-06T06:00:00Z
pb_kchiZ8Nw7HKkGC,cus_pi0irbbUG0J28o,elena.ibrahim90005@example.com,2026-03-30,6.3,8,2026-04-06T06:00:00Z
pb_l5wkYrifmBFZOJ,cus_XEvEzMNBztF1qt,ravi.larsen90003@example.com,2026-03-30,9.1,12,2026-04-06T06:00:00Z
pb_q8eunSjyUbyhsH,cus_sh6zzUDrb0vTNa,casey.costa90007@example.com,2026-03-30,2.4,3,2026-04-06T06:00:00Z
pb_rcAYoCB5Zszevz,cus_hGm5Jn8azMhBhr,mei.haddad90015@example.com,2026-03-30,1.5,2,2026-04-06T06:00:00Z
pb_zIEhUISroO9dTn,cus_IQDNdNQmsttutl,taylor.chen90010@example.com,2026-03-30,3.7,5,2026-04-06T06:00:00Z
pb_6974ckrYoIbdJv,cus_myk2JQimXIJIzP,taylor.garcia90001@example.com,2026-04-06,4.7,6,2026-04-13T06:00:00Z
pb_Bjdw3itQqq2Mq0,cus_IQDNdNQmsttutl,taylor.chen90010@example.com,2026-04-06,2.9,4,2026-04-13T06:00:00Z
pb_Dr1HAt5Ms6mpZH,cus_RAABjOWy0b0SC5,taylor.kim90004@example.com,2026-04-06,6.9,9,2026-04-13T06:00:00Z
pb_OY32sLPyDRQPPI,cus_sh6zzUDrb0vTNa,casey.costa90007@example.com,2026-04-06,1.4,2,2026-04-13T06:00:00Z
pb_TKvxOcSiTokI6n,cus_ji0HiMzb4i3udZ,quinn.larsen90008@example.com,2026-04-06,4.8,6,2026-04-13T06:00:00Z
pb_Ug6DbqklQORJVU,cus_XEvEzMNBztF1qt,ravi.larsen90003@example.com,2026-04-06,6.6,9,2026-04-13T06:00:00Z
pb_aumHkGVhKt4ndm,cus_HOvy1Udxruvqgl,hana.silva90016@example.com,2026-04-06,2.7,4,2026-04-13T06:00:00Z
pb_fxzgdBkAIa2oDH,cus_hGm5Jn8azMhBhr,mei.haddad90015@example.com,2026-04-06,2.0,3,2026-04-13T06:00:00Z
pb_g7GanQQud1pgta,cus_pi0irbbUG0J28o,elena.ibrahim90005@example.com,2026-04-06,6.6,9,2026-04-13T06:00:00Z
pb_iTlecl3WBMtD6z,cus_9fS2OW4orKGgdt,lucas.costa90012@example.com,2026-04-06,3.4,4,2026-04-13T06:00:00Z
pb_A0ZuaELPFPcsJe,cus_9fS2OW4orKGgdt,lucas.costa90012@example.com,2026-04-13,4.4,6,2026-04-20T06:00:00Z
pb_DCc2GMB8b41Nb7,cus_ji0HiMzb4i3udZ,quinn.larsen90008@example.com,2026-04-13,5.8,8,2026-04-20T06:00:00Z
pb_Vrz2IoETVYfnjj,cus_IQDNdNQmsttutl,taylor.chen90010@example.com,2026-04-13,4.1,5,2026-04-20T06:00:00Z
pb_ivlSiTB9ja0eBo,cus_sh6zzUDrb0vTNa,casey.costa90007@example.com,2026-04-13,1.3,2,2026-04-20T06:00:00Z
pb_m4plUAgZjriYfK,cus_myk2JQimXIJIzP,taylor.garcia90001@example.com,2026-04-13,3.0,4,2026-04-20T06:00:00Z
pb_ofDI79noxJ0m6z,cus_HOvy1Udxruvqgl,hana.silva90016@example.com,2026-04-13,1.9,2,2026-04-20T06:00:00Z
pb_420QvFtIPW9Okn,cus_IQDNdNQmsttutl,taylor.chen90010@example.com,2026-04-20,4.0,5,2026-04-27T06:00:00Z
pb_5IEgsNBiuxlxTZ,cus_GAVsAEOSVSKhPD,sofia.smith90014@example.com,2026-04-20,7.2,9,2026-04-27T06:00:00Z
pb_Xp1NaRa1frGbUD,cus_ji0HiMzb4i3udZ,quinn.larsen90008@example.com,2026-04-20,5.1,7,2026-04-27T06:00:00Z
pb_b8QXA5QTGTaZfv,cus_HOvy1Udxruvqgl,hana.silva90016@example.com,2026-04-20,4.5,6,2026-04-27T06:00:00Z
pb_e67Htekj6BGRFL,cus_9fS2OW4orKGgdt,lucas.costa90012@example.com,2026-04-20,4.4,6,2026-04-27T06:00:00Z
pb_v9hpXwoTsCDxQx,cus_GAVsAEOSVSKhPD,sofia.smith90014@example.com,2026-04-27,7.2,9,2026-05-04T06:00:00Z
