event_id,subscription_id,customer_id,customer_email,plan,event,event_at,started_at,cancel_reason
subevt_SvjUORRBn9gwMP,sub_O1Fk3gXMJ6IICY,cus_HOvy1Udxruvqgl,hana.silva90016@example.com,monthly_49,created,2021-06-13T10:00:00Z,2021-06-13T10:00:00Z,
subevt_4RY7g10LQv2f2K,sub_Nivze3XlS2UPa0,cus_9fS2OW4orKGgdt,lucas.costa90012@example.com,monthly_25,created,2022-10-18T10:00:00Z,2022-10-18T10:00:00Z,
subevt_C1FH09skWjnNTc,sub_aAQWDyuesGCmuZ,cus_RAABjOWy0b0SC5,taylor.kim90004@example.com,annual_180,created,2023-02-05T10:00:00Z,2023-02-05T10:00:00Z,
subevt_AsS1U37LchpHNo,sub_9UgxH6KTfBx4Gm,cus_IQDNdNQmsttutl,taylor.chen90010@example.com,monthly_25,created,2023-12-19T10:00:00Z,2023-12-19T10:00:00Z,
subevt_XER2LB0BMqJzlS,sub_ZMDKJNGYJWIeEy,cus_9n18PfQUA04Xk7,elena.chen90006@example.com,annual_300,created,2024-03-23T10:00:00Z,2024-03-23T10:00:00Z,
subevt_zrUT7CloG6N1Bh,sub_NI4WEjLI71wgAk,cus_LGlI7Zjsrrz6y8,ivan.cohen90011@example.com,monthly_15,created,2024-05-08T10:00:00Z,2024-05-08T10:00:00Z,
subevt_pWXmbgPgAxldvW,sub_k6tlG7r0uPld4L,cus_2wqjbJ1vbQHvAz,alex.muller90013@example.com,monthly_15,created,2024-09-08T10:00:00Z,2024-09-08T10:00:00Z,
subevt_yfWM70VnL1fSao,sub_aXsaKFx3iC9uKl,cus_XEvEzMNBztF1qt,ravi.larsen90003@example.com,monthly_49,created,2024-09-28T10:00:00Z,2024-09-28T10:00:00Z,
subevt_2SPW9sJuNrHfEB,sub_ZQs8awNSqpmJHW,cus_zJYY7juW7If6J7,hana.silva90002@example.com,monthly_49,created,2024-11-10T10:00:00Z,2024-11-10T10:00:00Z,
subevt_X0mdi02Ql7tjHu,sub_K3S0miExOW5nTq,cus_hGm5Jn8azMhBhr,mei.haddad90015@example.com,monthly_15,created,2025-04-03T10:00:00Z,2025-04-03T10:00:00Z,
subevt_PHjsrp8LoJG1PS,sub_qkvPjq37LzYXz4,cus_sh6zzUDrb0vTNa,casey.costa90007@example.com,annual_180,created,2025-04-11T10:00:00Z,2025-04-11T10:00:00Z,
subevt_rtprj0JzacZsl2,sub_8UoV1tO3mAlr8Q,cus_ji0HiMzb4i3udZ,quinn.larsen90008@example.com,monthly_25,created,2025-04-18T10:00:00Z,2025-04-18T10:00:00Z,
subevt_F5NmjscoTY6To8,sub_KmrNaiKTwYa7ca,cus_myk2JQimXIJIzP,taylor.garcia90001@example.com,annual_180,created,2025-07-12T10:00:00Z,2025-07-12T10:00:00Z,
subevt_VNSlX3vYvwLmBl,sub_S0a5bwLG7nEuDz,cus_4nFrYdHZqf86yy,theo.tanaka90009@example.com,monthly_49,created,2025-10-18T10:00:00Z,2025-10-18T10:00:00Z,
subevt_mAPlmvRGJVW1Us,sub_QFh3m8DveWmcXt,cus_pi0irbbUG0J28o,elena.ibrahim90005@example.com,monthly_15,created,2025-12-01T10:00:00Z,2025-12-01T10:00:00Z,
subevt_jWqlUrkxx7gQ2r,sub_D1TJgdgSabGwif,cus_GAVsAEOSVSKhPD,sofia.smith90014@example.com,monthly_15,created,2026-04-20T10:00:00Z,2026-04-20T10:00:00Z,
subevt_qNSBIdJqNwRrUv,sub_NI4WEjLI71wgAk,cus_LGlI7Zjsrrz6y8,,monthly_15,canceled,2026-04-23T12:01:05Z,,dispute
subevt_x7IB3jTovNNslK,sub_k6tlG7r0uPld4L,cus_2wqjbJ1vbQHvAz,,monthly_15,canceled,2026-04-24T06:33:49Z,,dispute
subevt_Jkpo0olDvFsexS,sub_K3S0miExOW5nTq,cus_hGm5Jn8azMhBhr,,monthly_15,renewed,2026-05-04T10:12:39Z,,
subevt_wSPe1HxRrjA0G6,sub_QFh3m8DveWmcXt,cus_pi0irbbUG0J28o,,monthly_15,renewed,2026-05-06T12:05:13Z,,
subevt_OvJ1Fd5zRB77Ba,sub_Nivze3XlS2UPa0,cus_9fS2OW4orKGgdt,,monthly_25,canceled,2026-05-07T21:31:51Z,,dispute
subevt_eDsjoTXAUwv8BA,sub_O1Fk3gXMJ6IICY,cus_HOvy1Udxruvqgl,,monthly_49,renewed,2026-05-09T20:55:59Z,,
subevt_9gUbpjkOHfqhwq,sub_aAQWDyuesGCmuZ,cus_RAABjOWy0b0SC5,,annual_180,paused,2026-05-10T18:07:38Z,,
subevt_Qh85TUiqcCvW0u,sub_ZQs8awNSqpmJHW,cus_zJYY7juW7If6J7,,monthly_49,renewed,2026-05-12T06:26:55Z,,
subevt_cTnG4ntXYi1a2I,sub_D1TJgdgSabGwif,cus_GAVsAEOSVSKhPD,,monthly_15,canceled,2026-06-05T01:17:06Z,,dispute
subevt_L4pE8Dp1PpnGrU,sub_8UoV1tO3mAlr8Q,cus_ji0HiMzb4i3udZ,,monthly_25,renewed,2026-06-05T05:30:58Z,,
subevt_cqDsnHPnoE6PPn,sub_9UgxH6KTfBx4Gm,cus_IQDNdNQmsttutl,,monthly_25,renewed,2026-06-06T09:49:18Z,,
subevt_TLqNN3nbHkJZZc,sub_aXsaKFx3iC9uKl,cus_XEvEzMNBztF1qt,,monthly_49,canceled,2026-06-08T10:24:06Z,,customer_request
